Movie,Character_ID,Line_Index,Dialogue,Character
Deathly Hallows: Part 1,HERMIONE_135,4181,"Harry, I’m not sure about this.",HERMIONE
Deathly Hallows: Part 1,RON_25,1739,"You’re amazing, you are.",RON
Deathly Hallows: Part 1,HERMIONE_127,4085,"Lumos. Hermione plays the wand’s light over the surface of the stone, then stops. Though deeply worn by time, the symbol is unmistakable: the TRIANGULAR EYE. Hermione rakes the light over the name: IGNOTUS PEVERELL.",HERMIONE
Deathly Hallows: Part 1,HERMIONE_109,3836,"What? Ron, no -- please -- He whips aside the tent flap and the RAIN ROARS. As Hermione rushes after him, she tips over the radio. As it HISSES Harry glowers at the Horcrux. Seconds later, Hermione returns, sopping hair plastered to her face.",HERMIONE
Deathly Hallows: Part 1,RON_32,1844,"Suppose it’s him that did Mad-Eye. How would you feel then? Hermione looks at Dolohov. The moment hangs, then: HARRY POTTER AND THE DEATHLY... - PT. 1 - Rev. 6/11/10 41. 43 CONTINUED: (3) 43",RON
Deathly Hallows: Part 1,RON_73,3743,"Yeah, I thought I did too.",RON
Deathly Hallows: Part 1,RON_6,991,(breaking free of her) Always the tone of surprise.,RON
Deathly Hallows: Part 1,RON_33,1855,"You’re the boss. (turning to Hermione) Hermione? She turns, looks at him. He reaches out, wipes a trickle of blood from her cheek.",RON
Deathly Hallows: Part 1,HERMIONE_77,3350,Don’t -- It... comforts him.,HERMIONE
Deathly Hallows: Part 1,HERMIONE_86,3465,"He could smell it. My perfume. 104 EXT. TENT - SAME TIME - NIGHT 104 Ron pushes past the tent flap, peers into the darkness. In the distance, he sees Harry and Hermione. Standing close. 105 EXT. TREES - SAME TIME - NIGHT (ALT) 105 Hermione hugs herself. Shivers.",HERMIONE
Deathly Hallows: Part 1,HERMIONE_46,2360,"Stop lying! Hermione begins to move toward Mundungus. Ron reaches out, takes her by the shoulders, eyes Mundungus warningly.",HERMIONE
Deathly Hallows: Part 1,HERMIONE_44,2288,"(nodding) When Scrimgeour first gave it to you, I thought it might open at your touch -- that Dumbledore had hidden something in it. Harry ponders this, eyeing the wings flapping slowly, then... Crack! A SOUND ECHOES down the hall. 65 INT. KITCHEN - NIGHT (MOMENTS LATER) (RAINING) 65 Harry and Hermione race into the kitchen. CRAZY SHADOWS spill from a far door and POTS CRASH. Suddenly, a TINY FIGURE, WET AND RAGGED, tumbles INTO VIEW, bangs into the wall opposite, and scrambles up. As he starts back for the kitchen, he stops. Sees Harry. Smiles. DOBBY.",HERMIONE
Deathly Hallows: Part 1,RON_57,3178,... alive. Harry nods. Hermione eyes it coldly.,RON
Deathly Hallows: Part 1,HERMIONE_124,4064,Harry.,HERMIONE
Deathly Hallows: Part 1,HERMIONE_62,3114,"He’ll be alright in a few days. Hopefully. If we could take him to Hogwarts, to Madam Pomfrey -- Harry’s glance stops her, confirming what she knows.",HERMIONE
Deathly Hallows: Part 1,RON_64,3536,"(sharply) Oh, speak English, can’t you? As Ron jerks his injured arm away, Hermione looks up, meets Ron’s hard gaze. HARRY POTTER AND THE DEATHLY... - PT. 1 - Rev. 6/11/10 78B. 106 CONTINUED: 106",RON
Deathly Hallows: Part 1,RON_40,2070,"Hey! I think you two better come down here. 54 INT. FIRST FLOOR - MORNING (SECONDS LATER) 54 Ron peers out a curtain as Hermione and Harry join him. In the courtyard outside, TWO DARK figures stand near a tree. ANOTHER sits on a bench.",RON
Deathly Hallows: Part 1,RON_137,5671,Stan Shunpike.,RON
Deathly Hallows: Part 1,HERMIONE_75,3330,The wandmaker?,HERMIONE
Deathly Hallows: Part 1,RON_97,4881,"No, of course not. I only destroyed a bloody freaking Horcrux! Why would that change anything! Do you know what it was like for me to hear those words coming from you! To see you doing those things -- Ron stops.",RON
Deathly Hallows: Part 1,HERMIONE_83,3383,Better?,HERMIONE
Deathly Hallows: Part 1,HERMIONE_158,4479,"Yes. Harry nods, looking at the photograph again.",HERMIONE
Deathly Hallows: Part 1,RON_106,4950,"I could feel it inside me. It was warm, like the first sip of a good cup of tea. And I knew it would take me where I needed to go. (MORE) HARRY POTTER AND THE DEATHLY... - PT. 1 - Rev. 6/11/10 110. 145 CONTINUED: (4) 145",RON
Deathly Hallows: Part 1,HERMIONE_8,1401,To Harry! It belongs to Harry! It chose him! It came to him in the Chamber of Secrets when he most needed it! HARRY POTTER AND THE DEATHLY... - PT. 1 - Rev. 6/11/10 31. 39 CONTINUED: (3) 39,HERMIONE
Deathly Hallows: Part 1,HERMIONE_89,3551,Good plan.,HERMIONE
Deathly Hallows: Part 1,RON_43,2131,Kreacher...,RON
Deathly Hallows: Part 1,RON_52,3138,"No, don’t! Don’t say it! Harry and Hermione turn, see Ron stirring.",RON
Deathly Hallows: Part 1,HERMIONE_189,5261,"In time, the brothers reached a river too treacherous to pass... As Hermione continues, Lovegood looks out the window. A CROW cycles INTO VIEW and we FOLLOW it, the sky",HERMIONE
Deathly Hallows: Part 1,RON_16,1200,"Won’t he know he’s being hunted? Still Harry says nothing. Silence descends once more, then:",RON
Deathly Hallows: Part 1,RON_39,2037,Good! Tell him from me he’s a git!,RON
Deathly Hallows: Part 1,HERMIONE_71,3225,I can put it in my bag --,HERMIONE
Deathly Hallows: Part 1,HERMIONE_4,617,(a sigh) I told you he’d take it well.,HERMIONE
Deathly Hallows: Part 1,RON_131,5474,You forgot the water.,RON
Deathly Hallows: Part 1,HERMIONE_78,3356,I think he just hopes he doesn’t hear bad news. It gets him through the day.,HERMIONE
Deathly Hallows: Part 1,HERMIONE_56,3067,"It’s all I feel safe doing. Hermione rises, takes out her wand and begins to walk in a wide circle, MUTTERING.",HERMIONE
Deathly Hallows: Part 1,HERMIONE_13,1730,"We need to change. Ron and Harry look at each other’s dress robes. From the purse, Hermione extracts -- in quick succession -- two pairs of jeans, T-shirts, and a pair of light overcoats.",HERMIONE
Deathly Hallows: Part 1,RON_13,1180,"Do you think he knows? Harry turns his head halfway, but doesn’t speak.",RON
Deathly Hallows: Part 1,RON_74,3753,"No, I just reckoned after all this time, we’d have actually achieved something. I reckoned you knew what you were doing. I reckoned Dumbledore had told you something worthwhile! I reckoned you had a plan!",RON
Deathly Hallows: Part 1,RON_45,2353,Wicked trainers.,RON
Deathly Hallows: Part 1,RON_66,3553,"Yeah. Brilliant. Only, correct me if I’m wrong... wasn’t that yesterday’s plan? And the day before that? And the day before that? Walk. Sleep. Walk. Sleep. Harry stares at Ron, then begins to walk toward him. Hermione watches silently. Ron stands utterly still. When Harry stops, he simply nods to Ron’s neck.",RON
Deathly Hallows: Part 1,RON_71,3715,"Problem? There’s no problem. Not according to you, anyway. HARRY POTTER AND THE DEATHLY... - PT. 1 - Rev. 6/11/10 81A. 109 CONTINUED: (3) 109 Heavy DROPS of rain begin to PELT the canvas of the tent. Plunk. Plunk. Plunk.",RON
Deathly Hallows: Part 1,RON_20,1359,Wicked. HARRY POTTER AND THE DEATHLY... - PT. 1 - Rev. 6/11/10 30. 39 CONTINUED: (2) 39,RON
Deathly Hallows: Part 1,RON_117,5075,But what does it mean? They all look down at the symbol etched in Dumbledore’s fine hand in the book.,RON
Deathly Hallows: Part 1,HERMIONE_178,5045,See this? It’s a letter Dumbledore wrote to Grindelwald. Look at the signature. It’s the mark again. Hermione turns the book in Harry’s direction. Dumbledore replaced the “A” in Albus with the TRIANGULAR EYE.,HERMIONE
Deathly Hallows: Part 1,HERMIONE_64,3135,"It scares me a bit, that, thinking it’s a piece of Vol--",HERMIONE
Deathly Hallows: Part 1,RON_133,5509,"Nooooooooo! Instantly, out the window, FIGURES on BROOMSTICKS appear in the sky, jetting directly toward the house. As Harry, Ron and Hermione hit the floor, ROPES of LIGHT ricochet off the windowsill. The printing press EXPLODES, raining Quibblers everywhere, like a flock of doves, smoking with flames. Lovegood waves madly from the window.",RON
Deathly Hallows: Part 1,RON_31,1838,"So what do we do with you, huh? Kill us if it was turned round, wouldn’t you? Ron’s face is hard. Hermione eyes him uneasily. He notices.",RON
Deathly Hallows: Part 1,SNAPE_1,236,It will happen Saturday next. At nightfall.,SNAPE
Deathly Hallows: Part 1,RON_26,1752,"They were after you, mate. We’d just put everyone in danger going back.",RON
Deathly Hallows: Part 1,HERMIONE_141,4317,"Harry! As Harry rolls onto his back, gasping for breath, Nagini’s massive body rolls over him, the Horcrux ticking feverishly against his chest. As Harry ROARS in pain, the lenses of his GLASSES fracture. The bedroom door swings open, reveals Hermione silhouetted against the stairwell, wand poised. A FLASH OF RED LIGHT ricochets around the room and Nagini’s tail whips angrily about, shattering the bedroom window. Hermione dives aside and Harry covers his face as the curtains burst into flames and shards of glass shower the room in a rush of cold air. As Harry reclaims his wand and rises, Nagini’s body uncoils in fury, splintering furniture and blasting holes into the walls.",HERMIONE
Deathly Hallows: Part 2,RON_66,3119,"Yes, you can. 75. 253 CONTINUED: 253 She reaches out, her hand trembling, and takes the fang from his fingers. She raises her arm -- still as glass for a moment -- then knifes down... 253A EXT. HOGWARTS CASTLE - SAME TIME - NIGHT 253A Voldemort HOWLS, his eyes burning scarlet... 254 OMITTED 254 255 INT. MARBLE STAIRCASE - SAME TIME - NIGHT 255 Harry STAGGERS, ROARING in agony, his IRISES BLOOMING RED in the reflected glow of the guttering torch on the wall he steadies himself against as... 256 EXT. HOGWARTS CASTLE - SAME TIME - NIGHT 256 ... impulsively, violently, Voldemort draws his wand -- the Elder Wand -- then stops -- briefly -- studying it. A strange mixture of awe and ambivalence darkens his face. Then, suddenly, it vanishes and he points the wand to the sky. His arm SWEEPS forth. And a CRACK OF THUNDER shakes the grounds. The sky turns white. For a moment, everything is FROZEN, STILL... 257 EXT. HOGWARTS CASTLE - SAME TIME - NIGHT 257 ... and then an ERUPTION of sound and fury rolls over the grounds. 258 EXT. WOODEN BRIDGE - SAME TIME - NIGHT 258 Neville stares to the sky, his face bleached white. Ginny’s pupils contract. 259 EXT. COURTYARD - SAME TIME - NIGHT 259 McGonagall studies the trembling shield above. 260 EXT. BATTLEMENTS - SAME TIME - NIGHT 260 Tonks reaches for Lupin’s hand, but is unable to bridge the few inches that separate their fingers. 76. 261 EXT. BATTLEMENTS - SAME TIME - NIGHT 261 Stricken, Fred and George and Dean stare at the night sky. 262 EXT. VIADUCT - SAME TIME - NIGHT 262 An ARMORED WARRIOR STATUE stares impassively. 263 EXT. OTHER PART OF VIADUCT - SAME TIME - NIGHT 263 Flitwick turns, stares up at the castle, standing dark as ink against the sky. 264 EXT. HOGWARTS CASTLE - SAME TIME - NIGHT 264 And then Voldemort’s arm drops and... ... Flitwick’s shield shatters. 264A INT. MARBLE STAIRCASE - SAME TIME - NIGHT 264A Harry staggers against the wall as the pain loosens its grip; the scarlet in his eyes ebbs as the flames flickering in the sconces gutter... 265 OMITTED 265 266 EXT. HOGWARTS CASTLE - SAME TIME - NIGHT 266 ... the SCARLET FIRE BLAZING in Voldemort’s eyes recedes... 267 INT. CHAMBER OF SECRETS - SAME TIME - NIGHT 267 ... the cup tumbles into the water, SIZZLING as it makes contact, sending a WRAITH of WATER spewing forth, tortured and writhing. It hangs, suspended tremulously in the air, horrifying... then EXPLODES, raining over Ron and Hermione. They stand, utterly still, as the water runs off their bodies and pools at their feet. For a moment, they stay like this, unmoving, as if amazed to have survived, then their eyes shift, find each other. They do not blink, the moment fraught. Then Hermione -- almost imperceptibly -- nods. Finally, they move, closing the space between them, and kiss. 77. 268 EXT. HOGWARTS - GROUNDS/VIADUCT - SAME TIME - NIGHT 268 SIZZLING PLUMES strafe the night sky, raining down on the knights arrayed along the bridge and onto the castle itself. 269 EXT. COURTYARD - SAME TIME - NIGHT 269 The PLUMES RICOCHET madly, shattering the tracery as the Knights struggle to defend the castle. McGonagall looks up: more PLUMES light up the sky, begin to plummet. PROFESSOR McGONAGALL Fall inside! Everybody! Fall inside! 270 EXT./INT. BATTLEMENTS - SAME TIME - NIGHT 270 Windows shatter, pierced by PLUMES, which MATERIALIZE into DEATH EATERS. Instantly, students and staff engage the dark wizards, standing shoulder to shoulder as they defend the school against the onslaught. Fred and George fall in on either side of Arthur, wands BLAZING, while Lupin, Tonks and Shacklebolt battle only yards away, the fighting swift and lethal. 271 EXT. WOODEN BRIDGE - SAME TIME - NIGHT 271 Neville’s eyes rake the fiery nightscape before him, then shift to the more immediate vicinity. He goes still. Scabior. The Snatchers. Are rising. Moving forward. Toward... him.",RON
Deathly Hallows: Part 2,RON_85,4460,"Rubbish! You can’t just give yourself up to him -- Hermione squeezes Ron’s arm, silencing him.",RON
Deathly Hallows: Part 2,RON_15,888,"How will we know what it is when we get in there? After all, a Horcrux can be anything.",RON
Deathly Hallows: Part 2,RON_76,3622,"Brilliant. Harry turns, catches Ron marveling Hermione. Ron turns, sees Harry looking at him. Then, as one, they fly pell- mell toward Hermione’s beacon. As they draw close the light burns so bright all goes white and they burst... 283 OMITTED 283 284 INT. CORRIDOR - CONTINUOUS ACTION - NIGHT 284 ... through the wall, tumbling into the corridor. Malfoy lands face down, retching. As Hermione rolls over, the diadem SPINS MADLY on the ground. Harry snatches it quickly, as if it might run away and Hermione tosses him the basilisk fang. He stares down at the smoking diadem and briefly pauses, reading the words etched there: Wit Beyond Measure Is Man’s Greatest Treasure. Then, without hesitation, he drives the fang into the blackened crown and... 88. 285 EXT. HOGWARTS CASTLE - SAME TIME - NIGHT 285 ... Voldemort freezes, BELLOWING in PAIN as his eyes burn RED and he GLARES toward the castle in the distance, where... 286 INT. CORRIDOR - SAME TIME - NIGHT 286 ... Harry GRIMACES IN AGONY and ROARS with PAIN, the veins at his TEMPLE THROBBING, his KNUCKLES BURNING WHITE as he grips the basilisk fang. FISSURES SURFACE IN HIS FINGERNAILS and... 287 EXT. HOGWARTS CASTLE - SAME TIME - NIGHT 287 ... Voldemort’s pale hand grips the Elder Wand so fiercely hairline cracks craze the wand’s veneer. Voldemort’s stricken face wheels toward the black sky above, eyes scanning the dull stars with despair as he RELEASES a MOURNFUL SHRIEK and... 288 INT. CORRIDOR - SAME TIME - NIGHT 288 ... the fang CRUMBLES in Harry’s fist and Harry, staring toward the ceiling, GASPS DESPERATELY, purging himself of the pain. He looks down, regarding the diadem with a kind of mournful horror, then Ron kicks it back into the Room of Requirement, where it EXPLODES in a VORTEX of FLAMES and the Room re-seals itself as... 289 EXT. HOGWARTS ROCK - SAME TIME - NIGHT 289 ... Voldemort’s eyes glitter with madness, his gaze lost, adrift in the dark constellations above. When he speaks, finally, his VOICE is HOARSE, oddly TENDER:",RON
Deathly Hallows: Part 2,HERMIONE_47,3373,There he is.,HERMIONE
Deathly Hallows: Part 2,DUMBLEDORE_4,4205,How much did you relay?,DUMBLEDORE
Deathly Hallows: Part 2,DUMBLEDORE_51,4801,That is up to you.,DUMBLEDORE
Deathly Hallows: Part 2,RON_80,3712,"Find out where he is. If we find him, we find the snake. Then we’re one step closer to ending this. Hermione studies Harry and Ron as they stare silently at one another. Finally, Harry closes his eyes. 90. 290 CONTINUED: (2) 290 For a moment: nothing. Then: his eyelids dance with movement, his scar SPASMS. He winces. Finds himself... 291-294 OMITTED 291-294 295 EXT. SCOTTISH LANDSCAPE - FLYING - SAME TIME - NIGHT 295 ... soaring over dark fields, past unspeakable devastation. The Quidditch Pitch rolls INTO VIEW,",RON
Deathly Hallows: Part 2,RON_21,1004,Go on.,RON
Deathly Hallows: Part 2,RON_44,1587,"Bloody hell. 200A INT. GRINGOTTS - BANKING HALL - DAY 200A Dust still hangs in the air. Those Goblins that survived straggle over the rubble -- and the occasional dead colleague -- toward the exits. Among them, a familiar figure emerges... Griphook. Clutching the sword of Gryffindor, he bumps past his dazed brethren, taking an agitated glance over his shoulder as he hurries on before turning back round... ... and coming to a dead halt before a Death Eater, who raises his wand and points it directly between Griphook’s eyes. 201 EXT. OVER COUNTRYSIDE - AFTERNOON (LATER) 201 The sun has dropped. Below, the dragon’s GIANT SHADOW passes over patches of brown and green. 39. 202 EXT. OVER MOUNTAINS/LAKES - LATE DAY (LATER) 202 The trio shiver as they cling to the dragon. Harry slides a few inches. He peers up, past the beast’s head.",RON
Deathly Hallows: Part 2,RON_72,3558,"RUN! Goyle’s set the bloody place on fire! As one, the trio dashes through the remaining aisles as the towers of junk turn to ash all around them. The flames draw closer, mutating into a pack of fiery beasts: SERPENTS, CHIMAERAS, DRAGONS -- all nipping at their heels. No matter which way they turn, the flames follow them.",RON
Deathly Hallows: Part 2,HERMIONE_32,1848,"(mildly shaken by this) I know. Hearing this, Harry slips the mirror from his pocket. FOOTSTEPS sound from below.",HERMIONE
Deathly Hallows: Part 2,RON_50,1799,"What’s he mean by that? Hermione GASPS, eyes looking upward. Ron and Harry follow her gaze. 44. 210C CONTINUED: 210C Just above the rooftops, barely distinguishable from the night, DEMENTORS DRIFT like smoke. As Harry draws his wand, Hermione’s hand covers his. She WHISPERS:",RON
Deathly Hallows: Part 2,DUMBLEDORE_17,4316,I was... foolish... greedy...,DUMBLEDORE
Deathly Hallows: Part 2,HERMIONE_9,903,"It is, Harry. Did Dumbledore ever say anything to you, something that might explain why --",HERMIONE
Deathly Hallows: Part 2,RON_45,1611,I say we jump!,RON
Deathly Hallows: Part 2,SNAPE_28,4286,He exhibits no measurable talent. His arrogance rivals even his father’s. And he seems to relish his fame.,SNAPE
Deathly Hallows: Part 2,DUMBLEDORE_15,4291,"Sometimes we see what we expect to see, Severus. Other teachers indicate the boy is modest, likeable and while no prodigy, possesses above-average gifts. Personally, I find him rather engaging.",DUMBLEDORE
Deathly Hallows: Part 2,RON_43,1583,"That was brilliant! BRILLIANT! Ron looks down, realizes he’s on a dragon, several hundred feet in the air. Goes a bit green.",RON
Deathly Hallows: Part 2,RON_64,2974,What did you expect it to be like?,RON
Deathly Hallows: Part 2,HERMIONE_39,2115,They did that to you? But why?,HERMIONE
Deathly Hallows: Part 2,RON_6,410,"Sss. Harry looks up, sees Ron gesturing for him. Quickly, he takes the Snitch, slips it in his pocket.",RON
Deathly Hallows: Part 2,RON_55,2252,"Six months she hasn’t seen me and it’s like I’m Frankie First Year. I mean, I’m only her brother.",RON
Deathly Hallows: Part 2,SNAPE_35,4360,You ask too much.,SNAPE
Deathly Hallows: Part 2,RON_62,2960,I’ve never got this far before.,RON
Deathly Hallows: Part 2,RON_32,1320,"No. It’s not possible... 194 INT. OUTSIDE LESTRANGE VAULT - DAY (MOMENTS LATER) 194 Ron appears first, trailed by Harry and Hermione, and finds Bogrod standing placidly by himself. As Harry and Hermione hang back, Ron moves forward slowly, squinting. Something massive shifts heavily. CHAINS CLINK. He looks: a GIANT DRAGON tethered to the ground, bars access to a DEEP VAULT. Its scales are pale and flaky, its eyes milky.",RON
Deathly Hallows: Part 2,DUMBLEDORE_33,4653,"You cannot help. Harry spins, finds Dumbledore standing within the mist. At the sight of Harry, Dumbledore beams and spreads his arms wide. His hand is whole, no longer damaged.",DUMBLEDORE
Deathly Hallows: Part 2,HERMIONE_13,1354,"That’s barbaric. I... 33. 194 CONTINUED: 194 She hands the instrument back, horrified. Griphook takes it, unmoved.",HERMIONE
Deathly Hallows: Part 2,DUMBLEDORE_28,4386,There’s a reason Harry can speak with snakes. There’s a reason he can look into Lord Voldemort’s mind. A part of Lord Voldemort lives inside him. 106. 324 CONTINUED: (2) 324,DUMBLEDORE
Deathly Hallows: Part 2,HERMIONE_50,3401,"Brilliant. 279 OMITTED 279 280 INT. DESTROYED WOODEN CORRIDOR - NIGHT (MOMENTS LATER) 280 Ron and Hermione race through the SHATTERED GLASS, the smoke thinner now. We TRACK them TO the end of the corridor and INTO another, where TAPESTRIES BURN and PORTRAITS hang askew. Suddenly, Hermione grabs Ron’s hand, gestures ahead, where Draco, Blaise and Goyle are slipping around a corner. Ron and Hermione follow. 281 INT. CORRIDOR OUTSIDE ROOM OF REQUIREMENT - NIGHT 281 Draco stops, turns to face the wall and CLOSES HIS EYES. As the window behind EXPLODES, filling the corridor with SMOKE, Goyle and Blaise jump, but Draco never flinches.",HERMIONE
Deathly Hallows: Part 2,RON_34,1349,"It’s been trained to expect pain when it hears the noise. Hermione’s eyes flash to Ron, then to the SCARS on the dragon’s face and neck.",RON
Deathly Hallows: Part 2,SNAPE_10,3935,"Take them... Harry looks confused, hesitant.",SNAPE
Deathly Hallows: Part 2,RON_3,337,Let her go! Let her go!,RON
Deathly Hallows: Part 2,DUMBLEDORE_57,4832,"I have always prized my ability to turn a phrase -- words are, in my not so humble opinion, our most inexhaustible source of magic, capable both of inflicting injury and remedying it. But I would -- in this case -- amend my original statement to this: (leaning close) Help will always be given at Hogwarts to those who most deserve it... (leaning back) Assuming circumstances in the main are favorable to such an outcome, of course.",DUMBLEDORE
Deathly Hallows: Part 2,DUMBLEDORE_2,4191,"Stand up, Severus. I haven’t much time. What message do you bring from Lord Voldemort this time?",DUMBLEDORE
Deathly Hallows: Part 2,HERMIONE_36,2039,"Did save our lives twice. Kept an eye on us in that mirror. That doesn’t seem like someone who’s given up, does it? Ron and Harry exchange a glance, eye the empty doorway.",HERMIONE
Deathly Hallows: Part 2,RON_68,3375,"What? As Hermione points to Harry’s name amidst the ant colony on the parchment, Ron -- unbeknownst to her -- regards her with naked appreciation.",RON
Deathly Hallows: Part 2,HERMIONE_10,916,"It’s perfect. Thank you, Fleur. Fleur lays the cloak in Hermione’s hands, then steps back next to Bill. He studies the trio.",HERMIONE
Deathly Hallows: Part 2,SNAPE_40,4418,"Always... We GO TO BLACK... FADE IN: 325 INT. PORTER HOUSE - BEDROOM - NIGHT (YEARS PAST) 325 In the f.g., a BABY FIDGETS in its crib. We see Snape enter the room, glance at the baby, then down toward the floor. He stands, utterly still... then his face creases with pain. Lily lies in profile, eyes open but empty, staring toward the ceiling. Her chest is still. Snape leans down and, cradling her, begins to weep...",SNAPE
Deathly Hallows: Part 2,HERMIONE_52,3578,Do we climb!,HERMIONE
Deathly Hallows: Part 2,HERMIONE_7,876,Can’t I use the other?,HERMIONE
Deathly Hallows: Part 2,SNAPE_3,2323,"For myself and a few select members of the staff this comes as little surprise. We have, for some time, considered Mr. Potter’s return to Hogwarts to be not only possible but inevitable. Consequently, in the past several months and under my specific direction, exhaustive defensive strategies have been employed to defeat any attempt Mr. Potter might make to breach these walls. But know this. Should anyone -- student or staff -- attempt to aid Mr. Potter, that person will be punished in a manner consistent with the severity of their transgression. Rest assured: So long as I am Headmaster at Hogwarts, Harry Potter will never again step foot in this castle. As APPLAUSE erupts from the Slytherins, Maisy Reynolds, glowers over at them. Snape raises a hand. The room returns to silence.",SNAPE
Deathly Hallows: Part 2,SNAPE_21,4226,I have asked.,SNAPE
Deathly Hallows: Part 2,DUMBLEDORE_55,4824,Yes.,DUMBLEDORE
Deathly Hallows: Part 2,SNAPE_30,4313,Why did you put it on? Surely you realized it carried a curse.,SNAPE
Deathly Hallows: Part 2,RON_54,2228,Excuse me. But would someone tell me: what’s a bloody diadem?,RON
Deathly Hallows: Part 2,RON_82,4003,"Never! Do you hear me! NEVER! Hermione places her hand on the nape of his neck, glances at Harry. He gazes down at Snape’s still body one last time, then at the FLASK in his hand. 306 EXT. HOGWARTS - GROUNDS - NIGHT (MOMENTS LATER) 306 SMOKE drifts from the battered castle. 307 EXT. COURTYARD - SAME TIME - NIGHT 307 Deserted. The flagstone stained with blood, strewn with broken wands. The trio stands looking.",RON
Deathly Hallows: Part 2,HERMIONE_5,749,"Harry, are you thinking there’s a Horcrux in Bellatrix’s vault?",HERMIONE
Deathly Hallows: Part 2,HERMIONE_63,5709,"Can’t make an omelette without breaking a few eggs. Ron gives her a screwy look. She shakes her head wearily, frowns.",HERMIONE
Deathly Hallows: Part 2,HERMIONE_21,1532,We can’t just stand here! Who’s got an idea?,HERMIONE
Half-Blood Prince,DUMBLEDORE_110,5428,"Because I am much older, much cleverer... and much less valuable. (taking the goblet) Your good health, Harry. Dumbledore dips the goblet into the gleaming liquid and brings it to his lips. Drinks deep. Closes his eyes.",DUMBLEDORE
Half-Blood Prince,RON_1,666,Harry? Did someone say Harry?,RON
Half-Blood Prince,DUMBLEDORE_4,348,"Welcome to the charming village of Budleigh Babberton, Harry. I assume right about now you’re wondering why I’ve brought you here, am I right?",DUMBLEDORE
Half-Blood Prince,DUMBLEDORE_106,5393,"Remember... the water. Harry nods, steps out carefully and joins Dumbledore at the source of the GLOW -- a BASIN filled with a PHOSPHORESCENT LIQUID. Dumbledore extends the tips of his blackened fingers toward the basin, but cannot touch the liquid.",DUMBLEDORE
Half-Blood Prince,RON_16,941,"Harry, where is she?",RON
Half-Blood Prince,DUMBLEDORE_66,3804,"You’re the Chosen One, Harry. And Horace is, at heart, a decent man. Provide the proper circumstances and he will confess his sins. Dumbledore lifts his fingers from the Pensieve, studies them. They are, in this moment, iridescent, whole.",DUMBLEDORE
Half-Blood Prince,RON_25,1293,"(shrugging; still eating) Sorting Hat urged us all to be brave and strong in these troubled times -- easy for it to say -- it’s a hat, isn’t it? First Years seemed to enjoy it, though. Wankers. Filch give you the wand outside? Harry nods. Ginny, damp napkin in hand, begins to dab his face, then feels suddenly awkward. Harry takes it from her.",RON
Half-Blood Prince,DUMBLEDORE_53,1898,"Thievery is not tolerated at Hogwarts. At Hogwarts, you will be taught not only how to use magic, but to control it. Understood? (as Riddle nods) I’ll be going now, Tom. Leave your window open tonight. An owl will bring you a message. Read it carefully. Dumbledore starts to exit, when:",DUMBLEDORE
Half-Blood Prince,DUMBLEDORE_113,5463,Make it stop... Please... make it stop...,DUMBLEDORE
Half-Blood Prince,RON_29,1997,Hard feelings? HARRY POTTER... HALF-BLOOD PRINCE - Rev. 11/6/07 47. 50 CONTINUED: 50,RON
Half-Blood Prince,DUMBLEDORE_60,3765,Confused? I would be surprised if you weren’t.,DUMBLEDORE
Half-Blood Prince,RON_4,728,Mum sort of lost it last week. Said Ginny and I had no business going back to Hogwarts. That it’s too dangerous.,RON
Half-Blood Prince,RON_41,2322,That happens to be my sister.,RON
Half-Blood Prince,RON_14,925,What’re they playing at?,RON
Half-Blood Prince,HERMIONE_42,2374,"Be delighted, sir.",HERMIONE
Half-Blood Prince,HERMIONE_89,4350,"That’s Katie. That’s Katie Bell. Katie Bell, pale but smiling, greets the other girls. After a moment, she looks up. Finds Harry standing before her.",HERMIONE
Half-Blood Prince,SNAPE_1,133,"Run along, Wormtail. 10 INT. MILL HOUSE - SITTING ROOM - LATE AFTERNOON (MOMENTS 10 LATER) Snape fills the last of three goblets with wine.",SNAPE
Half-Blood Prince,RON_70,3668,"Lav, c’mon. Of course I’ll wear it. They glance ahead, see Ron and a pouting Lavender. Ron holds a GOLD CHAIN which spells out “My Sweetheart.”",RON
Half-Blood Prince,DUMBLEDORE_117,5484,"KILL ME! IT’S THE ONLY WAY! Harry stands paralyzed, unsure what to do. Then... Dumbledore collapses, rolls onto his back. Harry pelts forward, dips the goblet into the basin and kneels by Dumbledore.",DUMBLEDORE
Half-Blood Prince,DUMBLEDORE_35,1696,"... I was merely curious. (rising) In any event, I’m sure you’re wondering why I’ve summoned you here tonight. The answer lies here. Dumbledore swings open a cabinet where DOZENS upon DOZENS of GLITTERING VIALS stand like tiny glimmering soldiers.",DUMBLEDORE
Half-Blood Prince,SNAPE_10,228,I will. A SINGLE STRAND of LIQUID FIRE issues from Bellatrix’s wand and wends its way around their hands.,SNAPE
Half-Blood Prince,RON_56,2794,"So. How was it? Hermione continues to read the Prophet, unaware of Ron’s mood.",RON
Half-Blood Prince,HERMIONE_16,1269,(whacking him) Will. You. Stop. Eating! Your best friend is missing!,HERMIONE
Half-Blood Prince,DUMBLEDORE_64,3790,I asked you to get to know Professor Slughorn and you’ve done so. (MORE) HARRY POTTER... HALF-BLOOD PRINCE - Rev. 11/6/07 88. 88 CONTINUED: 88,DUMBLEDORE
Half-Blood Prince,RON_82,4097,"Hello, darling. Fancy a drink? Slughorn and Harry turn, watch Ron WINK into the mirror.",RON
Half-Blood Prince,HERMIONE_31,2180,"For weeks you carry around this book, practically sleep with it... and you have no desire to find out who The Half-Blood Prince is?",HERMIONE
Half-Blood Prince,RON_69,3347,You die. 75 INT. WEASLEY HOUSE - SAME TIME - NIGHT 75 The house glows with light and HOLIDAY MUSIC rings from the WIRELESS. Fred and George fill cups with STEAMING NOG and Mrs. Weasley and Ginny ferry plates of food.,RON
Half-Blood Prince,HERMIONE_56,2911,Ron seems to be enjoying himself.,HERMIONE
Half-Blood Prince,RON_62,2870,"C’mon, Harry. We’ve got a game to win.",RON
Half-Blood Prince,SNAPE_36,5965,"No! He belongs to the Dark Lord! Bellatrix eyes Snape levelly, then turns, trots off. Snape glances at Harry, then turns away himself, walking. Harry grimaces, pulls himself to his feet and aims one last time. HARRY POTTER... HALF-BLOOD PRINCE - Rev. 11/6/07 136. 134 CONTINUED: (2) 134",SNAPE
Half-Blood Prince,DUMBLEDORE_14,472,"That was fun. May I use the loo? As Dumbledore heads down the hall, Slughorn calls after.",DUMBLEDORE
Half-Blood Prince,DUMBLEDORE_42,1812,No. I am a Professor.,DUMBLEDORE
Half-Blood Prince,HERMIONE_5,747,There’s been a lot of chatter lately. That he’s gotten... old.,HERMIONE
Half-Blood Prince,SNAPE_29,5826,No. Harry watches Snape come INTO VIEW.,SNAPE
Half-Blood Prince,DUMBLEDORE_76,5057,"They can be anything. The most commonplace of objects. A ring, for example. Or a book... Dumbledore slides open a drawer, removes the RING and Tom Riddle’s battered DIARY.",DUMBLEDORE
Half-Blood Prince,DUMBLEDORE_48,1855,"I’m like you, Tom. Different. Riddle closes his hands and the web collapses.",DUMBLEDORE
Half-Blood Prince,HERMIONE_13,1018,Harry is under the impression that Draco Malfoy is now a Death Eater.,HERMIONE
Half-Blood Prince,DUMBLEDORE_11,437,"So why all the theatrics, Horace? You weren’t perhaps expecting someone else, were you?",DUMBLEDORE
Half-Blood Prince,HERMIONE_40,2320,Leave? You can’t be serious.,HERMIONE
Half-Blood Prince,HERMIONE_45,2641,My parents are dentists. They tend to people’s teeth.,HERMIONE
Half-Blood Prince,RON_76,4005,Snogging? Who’re you talking about?,RON
Half-Blood Prince,HERMIONE_94,5148,If one wants it to be. Why?,HERMIONE
Half-Blood Prince,DUMBLEDORE_19,585,"I fear I may have stolen a wondrous night from you, Harry. She was, truthfully, very pretty. The girl.",DUMBLEDORE
Half-Blood Prince,SNAPE_26,3286,I swore to protect you. I made the Unbreakable Vow --,SNAPE
Half-Blood Prince,DUMBLEDORE_43,1819,Perhaps they’re right. HARRY POTTER... HALF-BLOOD PRINCE - Rev. 11/6/07 43. 48 CONTINUED: (3) 48,DUMBLEDORE
Half-Blood Prince,DUMBLEDORE_58,1964,I did.,DUMBLEDORE
Half-Blood Prince,HERMIONE_22,1516,Liquid luck. A buzz runs through the class. Even Malfoy perks up. HARRY POTTER... HALF-BLOOD PRINCE - Rev. 11/6/07 36. 43 CONTINUED: (2) 43,HERMIONE
Half-Blood Prince,RON_15,929,(a nod; stopping) Hey. Where’s Hermione?,RON
Half-Blood Prince,SNAPE_6,176,Dumbledore is a great wizard. Only a fool would question it.,SNAPE
Half-Blood Prince,RON_7,848,"How much for this? A TINY WOODEN MAN ascends a TINY GALLOWS and... DROPS. George rides a rolling ladder INTO FRAME, drops next to * Fred. * FRED/GEORGE Five Galleons.",RON
Prisoner of Azkaban,HERMIONE_15,942,"No one was screaming, Harry. Harry looks to the window and we PUSH IN ON his REFLECTION. It becomes a GLIMMERING PUDDLE and... 33 OMITTED 33 34 EXT. HOGWARTS CASTLE - NIGHT 34 SPLASH!... a CARRIAGE WHEEL shatters the glassy surface as we TILT UP, catch a procession of HORSELESS CARRIAGES, carrying students toward the glimmering castle. Gradually, the sweet sound of a CHOIR rises on the air, a FLASH of LIGHTNING bleaches the night sky and we -- CUT TO: 35 EXT./INT. GREAT HALL - NIGHT (LATER) 35 ... the CAMERA as it GLIDES TOWARD the windows of the Great Hall, TOWARD the CANDLELIT SILHOUETTES glimmering within, PASSING THROUGH the glass. 25. 35 CONTINUED: 35 At the High Table, Lupin sits with SEVERUS SNAPE, MINERVA McGONAGALL, RUBEUS HAGRID and ALBUS DUMBLEDORE. We TRACK ALONG the FACES of the choir, singing to the strains of a HARPSICHORD, and LAND ON a QUINTET OF TOADS (one of which -- TREVOR -- belongs to NEVILLE LONGBOTTOM, who looks on with pride). ARGUS FILCH, Hogwarts' caretaker, stands grimly to the side as red-eyed MRS. NORRIS switches her tail at his feet. As the choir's song concludes, DUMBLEDORE rises, beaming over the sea of black hats.",HERMIONE
Prisoner of Azkaban,RON_52,2959,"I don't know how he got in! I was a bit busy dodging his knife! Just then, a curiously content Crookshanks wends his way through Ron's legs.",RON
Prisoner of Azkaban,RON_35,2033,Werewolves?,RON
Prisoner of Azkaban,HERMIONE_46,3083,(dreading it) And...? Hagrid slings another rock into water.,HERMIONE
Prisoner of Azkaban,HERMIONE_72,4127,"Harry... He turns, see Hermione staring at the FULL MOON. His eyes shift. Lupin is a rigid silhouette, his fingers twitching.",HERMIONE
Prisoner of Azkaban,SNAPE_19,3192,Read it.,SNAPE
Prisoner of Azkaban,RON_77,4322,"My rat, sir. Only he's not really a rat. Well, he was a rat. You see, he used to be my brother Percy's --",RON
Prisoner of Azkaban,RON_21,1218,Hang on. Ancient Runes is the same time as Divination. You'd have to be in two classes at once.,RON
Prisoner of Azkaban,HERMIONE_67,3757,"Harry! No! Just then, FOOTSTEPS sound. Black wheels toward the door, edgy. Harry eyes Black, wand hand shaking violently. As Black turns back, he stops, regards Harry cautiously.",HERMIONE
Prisoner of Azkaban,HERMIONE_107,4727,Yes? 116. 127B CONTINUED: 127B,HERMIONE
Prisoner of Azkaban,SNAPE_27,3878,I told Dumbledore you were helping your old friend into the castle. And here's the proof.,SNAPE
Prisoner of Azkaban,RON_82,5158,"(as everyone laughs) Whose is it? It's yours, mate.",RON
Prisoner of Azkaban,HERMIONE_93,4513,"Yes! You Must! (pointing inside) Harry, you're in Hagrid's hut right now. If you go bursting inside, you'll think you've gone mad. Awful things can happen when wizards meddle with time. We can't be seen. Hermione turns, watches Fudge and the others drawing closer. She frowns, glances into the hut. 111. 125 CONTINUED: (2) 125",HERMIONE
Prisoner of Azkaban,RON_36,2043,(to Harry) When did she come in? Did you see her come in...,RON
Prisoner of Azkaban,RON_73,3956,Scabbers? Scabbers has been in my family for --,RON
Prisoner of Azkaban,RON_72,3952,M-me? It's lunatic...,RON
Prisoner of Azkaban,HERMIONE_109,4749,"But, Harry, your Dad's...",HERMIONE
Prisoner of Azkaban,RON_80,5138,"Stand back, I said! I'll take it upstairs if you don't settle! As Harry arrives, he glances at Hermione, who CLEARS HER THROAT LOUDLY. The others turn, begin all speaking at once.",RON
Prisoner of Azkaban,HERMIONE_37,2527,"(a harsh chuckle) Hope you don't mean yourself. Malfoy's eyes shift, regard Hermione with disgust.",HERMIONE
Prisoner of Azkaban,RON_28,1818,Huh? Oh. Yeah. Dead depressing. Hang on. I almost forgot. I got you something wicked at Dervish and Banges. It's a Pocket Sneakoscope. Ron places a SMALL GLASS SPINNING TOP on the table.,RON
Prisoner of Azkaban,DUMBLEDORE_25,5029,Well?,DUMBLEDORE
Prisoner of Azkaban,HERMIONE_70,3927,"Harry. You attacked a teacher. Harry looks a bit shocked himself, then turns to Black.",HERMIONE
Prisoner of Azkaban,HERMIONE_21,1222,"Don't be silly. How could anyone be in two classes at once? (mimicking Trelawney) Broaden your minds... 43A EXT. HAGRID'S HUT - DAY (MOMENTS LATER) 43A STUDENTS gather around Hagrid as Harry, Ron and Hermione arrive. Draco, Crabbe, and Goyle stand with the Slytherins.",HERMIONE
Prisoner of Azkaban,HERMIONE_19,1208,"Death omens. Honestly. If you ask me, Divination's a very wooly discipline. Now Ancient Runes. That's a fascinating subject.",HERMIONE
Prisoner of Azkaban,SNAPE_29,3900,(clucking his tongue) Listen to you two. Quarreling like an old married couple. The creature and the criminal.,SNAPE
Prisoner of Azkaban,HERMIONE_4,754,"Honestly, Ron, it's not funny. Harry's lucky he wasn't expelled.",HERMIONE
Prisoner of Azkaban,HERMIONE_11,844,"Ouch! Ron, that was my foot! SQUEAK-SQUEAK-SQUEAK. Ron, a dark silhouette against the window, wipes a patch of condensation from the window.",HERMIONE
Prisoner of Azkaban,HERMIONE_74,4194,"Harry! Harry runs full out. Up ahead, FRAMED AGAINST A FULL MOON, he spies the dog, lying inert, the werewolf's razor-sharp claws suspended over its neck.",HERMIONE
Prisoner of Azkaban,RON_47,2586,"Oh sure. Along with his invisibility cloak, his pack of exploding snap cards, his --",RON
Prisoner of Azkaban,RON_14,854,"Bloody hell. What's happening? SSSSST! A soft CRACKLING fills the car and FLAMES bloom... in the hands of R.J. Lupin. In the SHIVERING LIGHT, his face looks tired and gray, but his eyes are alert. Wary.",RON
Prisoner of Azkaban,RON_49,2630,"Harry? He's gone. FOOTPRINTS track through the snow, into the pub. 81 INT. THREE BROOMSTICKS PUB - HARRY'S POV FROM UNDER THE 81",RON
Prisoner of Azkaban,DUMBLEDORE_8,1908,"Secure the castle, Mr. Filch. The rest of you... to the Great Hall. 58 MONTAGE - SECURING THE CASTLE - NIGHT 58 CLOCK TOWER DOOR: Great GROANING TUMBLERS fall. SPINDLES rotate. CYLINDERS -- one after another -- fire into place. WINDOWS: Iron SPIKES, sharp as razors, rise instantly. 59 OMITTED 59 60 EXT. HOGWARTS CASTLE - CONTINUOUS ACTION - NIGHT 60 One by one, deep in the distance, the LIGHTS of the Great Hall go out. Dementors appear, COVERING FRAME, then separate like a curtain... 61 INT. GREAT HALL - NIGHT (HOURS LATER) 61 CAMERA DRIFTS THROUGH the silent room, OVER an ocean of SLEEPING BAGS, FINDS Harry lying awake, staring at the net of stars glimmering beyond the highest window. 48. 61 CONTINUED: 61 A gentle CREAK is heard and Harry's eyes shift, see Snape pass through the great doors, converge with Dumbledore.",DUMBLEDORE
Prisoner of Azkaban,HERMIONE_49,3306,Here we go again. It's the Grim! It's the Grim!,HERMIONE
Prisoner of Azkaban,HERMIONE_90,4489,What?,HERMIONE
Prisoner of Azkaban,HERMIONE_78,4295,It's what Dementors do to those they want to destroy. They clamp their jaws over the victim's mouth and... suck out his soul.,HERMIONE
Prisoner of Azkaban,RON_4,621,"I also got a new wand. Just then, a COMMOTION is HEARD. The Weasleys -- PERCY, FRED, GEORGE, GINNY, ARTHUR, and MOLLY -- arrive en masse, laden with purchases from Diagon Alley.",RON
Prisoner of Azkaban,DUMBLEDORE_13,2974,Sir Cadogan. Is it possible that you let a mysterious man enter Gryffindor Tower tonight?,DUMBLEDORE
Prisoner of Azkaban,DUMBLEDORE_7,1898,Dear lady. Who did this to you?,DUMBLEDORE
Prisoner of Azkaban,RON_54,2968,"It is not and you bloody well know it! PROFESSOR McGONAGALL Silence! McGonagall turns then and everyone follows her eye to Sir Cadogan who, sensing the attention, perks up instantly.",RON
Prisoner of Azkaban,HERMIONE_42,2966,That's a lie!,HERMIONE
Prisoner of Azkaban,HERMIONE_12,889,"Harry? Harry, are you all right? Hermione's troubled face hovers above him. He nods. Sits up. Ron -- pale, nervous -- extends his hand. Harry's glasses.",HERMIONE
Prisoner of Azkaban,HERMIONE_44,3063,"How'd it go, Hagrid?",HERMIONE
Prisoner of Azkaban,HERMIONE_60,3670,"Haaaaaaarrrrrr!!!!!!!!! Harry squints up, sees a PILE-DRIVING FIST of a branch screaming straight down for his head. He rolls away just as -- WHOMP! -- the branch PULVERIZES the ground. Hermione WHIPS THROUGH FRAME, still clinging on for dear life, and Harry rises. FLUMPH! -- he's promptly knocked to the ground again. Hermione goes CRASHING through the high branches, Harry spies his glasses and grabs them. Rising, he fits them to his face and...",HERMIONE
Prisoner of Azkaban,RON_11,814,"Sure -- Of course, no one's ever broken out of Azkaban before and he's a raving, murderous lunatic... Just then, the COMPARTMENT RATTLES. Lanterns flicker. The train LURCHES, begins to SLOW. Hermione slides down the seat, pinning Ron against the window. They exchange an awkward glance, then Hermione carefully slides to the other end of the seat and glances at her WATCH. Frowns.",RON
Prisoner of Azkaban,SNAPE_4,2014,"Turn to page 394. As the students eye Snape with guarded curiosity, Malfoy finishes SCRAWLING something on a bit of PARCHMENT and balls it up in his hands. As he opens them, a MOTH flutters from his palms.",SNAPE
Prisoner of Azkaban,HERMIONE_82,4380,"Sorry, Ron. But seeing as you can't walk... As Ron and Harry exchange a curious glance, the BELL continues to CHIME -- DING! DING! -- and... 119 INT. HOSPITAL WING - TIME REVERSAL - NIGHT/LATE 119",HERMIONE
Prisoner of Azkaban,SNAPE_12,2104,"If not, I fear you'll perish, given the weather forecast. Until that time, however, you'll forgive me if I don't let you off homework. Should you die, I assure you... you need not hand it in. As Snape turns away, Malfoy sniggers with Crabbe, Coyle and PIKE. Harry glances down at the drawing once more and we hear a true RUMBLE of THUNDER and -- CUT TO: ... a STITCH OF LIGHTNING... 66 OMITTED 66 & & 67 67 68 EXT. QUIDDITCH PITCH - A STITCH OF LIGHTNING - DAY 68 as it strikes one of the GOLDEN QUIDDITCH RINGS and the clouds bloom with ICY BLUE light. Far below, in the stands, RAIN lashes the SEA OF UMBRELLAS. As one flies free, soaring end over end into the sky, the... ... CROWD EXPLODES and two Quidditch squads -- Gryffindor in SCARLET, Hufflepuff in CANARY-YELLOW -- shoot into the air. Twin BLUDGERS FIRE skyward, and the match is on. We CUT INTO Harry, rising like a rocket through the mist, his robes SNAPPING VIOLENTLY in the wind.",SNAPE
Prisoner of Azkaban,HERMIONE_65,3737,Ron! You're okay --,HERMIONE
Prisoner of Azkaban,HERMIONE_32,2239,"Harry! How're you feeling? 69 INT. HOSPITAL WING - DAY 69 As Harry edges up against his pillow, we see a NURSE in the b.g., removing the SPOKES of an umbrella from a Hufflepuff player's neck. Harry doesn't look so good himself.",HERMIONE
Prisoner of Azkaban,HERMIONE_126,4958,BOMBARDA! KA-BOOM! The CELL DOOR ROCKETS to the sky.,HERMIONE
